menu_code,menu_signature
admin-console-menu,grid-custom-form|SVAROG_CONFIG_LOG
admin-console-menu,grid-table|GEO_LAYER_TYPE
admin-console-menu,grid-table|SVAROG_ACL
admin-console-menu,grid-table|SVAROG_NOTIFICATION
admin-console-menu,grid-table|SVAROG_PERUN_PLUGIN
admin-console-menu,grid-table|SVAROG_SYS_PARAMS
admin-console-menu,grid-table|SVAROG_USER_GROUPS
aims-search-menu,search-menu-type|ANIMAL
aims-search-menu,search-menu-type|EXPORT_CERT
aims-search-menu,search-menu-type|FLOCK
aims-search-menu,search-menu-type|HERD
animal-menu,double-grid-component|ANIMAL
animal-menu,grid-form-custom-data-ws|ANIMAL_MOVEMENT
animal-menu,search-with-custom-all|ANIMAL
animal-registry-menu,animal-summary|ANIMAL
animal-registry-menu,table-form-holding|ANIMAL
animal-registry-menu,table-grid|ANIMAL_MOVEMENT
animal-registry-menu,table-grid|EAR_TAG_REPLC
animal-registry-menu,table-grid|INVENTORY_ITEM
animal-registry-menu,table-grid|LAB_SAMPLE
animal-registry-menu,table-grid|VACCINATION_BOOK
animal_holding_registry_menu,animal-menu|
animal_holding_registry_menu,farm-attachments|
animal_holding_registry_menu,farm-summary|HOLDING
animal_holding_registry_menu,flock-menu|
animal_holding_registry_menu,form-form-item-fr-ui|SVAROG_FORM
animal_holding_registry_menu,herd-menu|
animal_holding_registry_menu,holding-prints|
animal_holding_registry_menu,single-form-item-custom-save|DOCUMENTS
animal_holding_registry_menu,single-form-item-custom|ANIMAL_PRESENCE
animal_holding_registry_menu,single-form-item-custom|BUSINESS_EVALUATION
animal_holding_registry_menu,table-custom-person|PERSON
animal_holding_registry_menu,table-form-holding|HOLDING
animal_holding_registry_menu,table-grid-pers|BANKACC
animal_holding_registry_menu,table-grid|ADDRESS
animal_holding_registry_menu,table-grid|APPLICATION
animal_holding_registry_menu,table-grid|FARM_MEMBERS
animal_holding_registry_menu,table-grid|FEES
application-import-prints,prints-item|
application-pre-auth-prints,prints-item|
application-registry-menu,application-attachments|
application-registry-menu,application-prints|
application-registry-menu,application-summary|APPLICATION
application-registry-menu,single-form-item-custom|VMP_MARKETING_APP_INFO
applications-registry-search-menu,search-menu-type|APPLICATION
applications_import_permit,application-attachments|
applications_import_permit,application-import-prints|
applications_import_permit,application-summary|APPLICATION
applications_import_permit,table-grid|VMP_PREIMPORT_APPLICATION
applications_menu_marketing_permit,application-attachments|
applications_menu_marketing_permit,application-prints|
applications_menu_marketing_permit,application-summary|APPLICATION
applications_menu_marketing_permit,single-form-item-custom-save|VMP
applications_menu_marketing_permit,single-form-item-custom|VMP_MARKETING_APP_INFO
applications_menu_marketing_permit,table-grid|MAX_RESIDUE_LIMIT
applications_menu_marketing_permit,table-grid|PRODUCT_COMPOSITION
export_cert-registry-menu,action-get|
export_cert-registry-menu,export-cert-summary|EXPORT_CERT
export_cert-registry-menu,grid-form-custom-data-ws|ANIMAL
farm-registry-menu,double-grid-component|ANIMAL
farm-registry-menu,farm-summary|HOLDING
farm-registry-menu,grid-form-custom-data-ws|ANIMAL_MOVEMENT
farm-registry-menu,grid-form-custom-data-ws|FLOCK_MOVEMENT
farm-registry-menu,grid-form-custom-data-ws|HERD_MOVEMENT
farm-registry-menu,search-with-custom-all|ANIMAL
farm-registry-menu,table-custom-person|PERSON
farm-registry-menu,table-form-farm|FARM
farm-registry-menu,table-grid-pers|BANKACC
farm-registry-menu,table-grid|ADDRESS
farm-registry-menu,table-grid|FARM_MEMBERS
farm-registry-menu,table-grid|FLOCK
farm-registry-menu,table-grid|HERD
feed-product-menu,feed_product_prints|
feed-product-menu,inspection-attachments|
feed-product-menu,inspection-summary|INSPECTION
feed-product-menu,single-form-item-custom-ar|AUDIT_REPORT
feed-product-menu,single-form-item-custom|ANNOUNCE
feed-product-menu,single-form-item-custom|INSPECTION_CERTIFICATE
feed-registry-menu,farm-attachments|
feed-registry-menu,farm-summary|HOLDING
feed-registry-menu,feed_holding_prints|
feed-registry-menu,table-custom-person|PERSON
feed-registry-menu,table-form-holding|HOLDING
feed-registry-menu,table-grid-files|CONTROL_CHART_FEED
feed-registry-menu,table-grid-pers|BANKACC
feed-registry-menu,table-grid|ADDRESS
feed-registry-menu,table-grid|APPLICATION
feed-registry-menu,table-grid|FARM_MEMBERS
feed-registry-menu,table-grid|FEES
feed_approval_petition_app_menu,application-attachments|
feed_approval_petition_app_menu,application-summary|APPLICATION
feed_approval_petition_app_menu,feed_approval_petition_app_prints|
feed_approval_petition_app_menu,single-form-item-custom|FEED_APPROVAL_APPLICATION
feed_approval_petition_app_menu,single-form-item-custom|FEED_APPROVAL_CHECK
feed_approval_petition_app_prints,prints-item|
feed_holding_prints,prints-item|
feed_import_app_menu,application-attachments|
feed_import_app_menu,application-summary|APPLICATION
feed_import_app_menu,feed_import_app_prints|
feed_import_app_menu,form-grid-custom|FEED_PRODUCT
feed_import_app_menu,single-form-item-custom|DOCUMENTS_EXAMINED
feed_import_app_prints,prints-item|
feed_product_prints,prints-item|
flock-menu,grid-form-custom-data-ws|FLOCK_MOVEMENT
flock-menu,table-grid|FLOCK
flock-registry-menu,flock-summary|FLOCK
flock-registry-menu,grid-form-custom-data-ws|FLOCK
flock-registry-menu,grid-form-custom-data-ws|VACCINATION_BOOK
flock-registry-menu,table-form-holding|FLOCK
flock-registry-menu,table-grid|FLOCK_MOVEMENT
general_holding_menu_t,farm-attachments|
general_holding_menu_t,farm-summary|HOLDING
general_holding_menu_t,table-custom-person|PERSON
general_holding_menu_t,table-form-holding|HOLDING
general_holding_menu_t,table-grid-pers|BANKACC
general_holding_menu_t,table-grid|ADDRESS
general_holding_menu_t,table-grid|APPLICATION
general_holding_menu_t,table-grid|DOCUMENTS
general_holding_menu_t,table-grid|FARM_MEMBERS
general_holding_menu_t,table-grid|FEES
general_holding_menu_t,table-grid|PRESCRIPTION_MEDICINE
general_holding_menu_t,table-grid|VMP_DISTRIBUTION
general_holding_menu_t,table-grid|VMP_I_SHIPMENT
general_holding_menu_t,table-grid|VMP_SHIPMENT
general_holding_menu_t,warehouse-holding-prints|
herd-menu,grid-form-custom-data-ws|HERD_MOVEMENT
herd-menu,table-grid|HERD
herd-registry-menu,double-grid-component|LAB_SAMPLE
herd-registry-menu,grid-form-custom-data-ws|ANIMAL_HERD
herd-registry-menu,grid-form-custom-data-ws|HOLDING_RESPONSIBLE
herd-registry-menu,herd-summary|HERD
herd-registry-menu,table-form-holding|HERD
herd-registry-menu,table-grid|HERD_HEALTH_BOOK
holding-prints,prints-item|
inspection-adhoc-registry-menu,inspection-attachments|
inspection-adhoc-registry-menu,inspection-summary|INSPECTION
inspection-adhoc-registry-menu,single-form-item-custom-ar|INSPECTION_REPORT
inspection-adhoc-registry-menu,single-form-item-custom|ANNOUNCE
inspection-registry-menu,inspection-attachments|
inspection-registry-menu,inspection-summary|INSPECTION
inspection-registry-menu,single-form-item-custom-ar|AUDIT_REPORT
inspection-registry-menu,single-form-item-custom|ANNOUNCE
inspections-registry-search-menu,search-menu-type|INSPECTION
lims-search-menu,search-menu-type|LAB_SAMPLE
lims-search-menu,search-menu-type|LAB_TEST_RESULT
lims-search-menu,search-menu-type|LABORATORY
main-registry-search-menu,search-menu-type|HOLDING
master-menu-test,animal-registry-menu|
master-menu-test,farm-registry-menu|
master-menu-test,table-grid|ADDRESS
menu-person-g,custom-link-grid-v2|PERSON
menu-person-g,table-custom-person|PERSON
menu-person-g,table-grid-pers|BANKACC
menu-person-g,table-grid|ADDRESS
menu-person-p,table-custom-connection-p|PERSON
menu-person-p,table-custom-person|PERSON
menu-person-p,table-grid-pers|BANKACC
menu-person-p,table-grid-pers|IDENTITY_DATA
menu-person-p,table-grid|ADDRESS
pharmacies_registry_menu,farm-attachments|
pharmacies_registry_menu,farm-summary|HOLDING
pharmacies_registry_menu,single-form-item-custom|OFFICIAL_CONTROL_CHART
pharmacies_registry_menu,single-form-item-custom|PHARM_SELL_VMP
pharmacies_registry_menu,table-custom-person|PERSON
pharmacies_registry_menu,table-form-holding|HOLDING
pharmacies_registry_menu,table-grid-pers|BANKACC
pharmacies_registry_menu,table-grid|ADDRESS
pharmacies_registry_menu,table-grid|APPLICATION
pharmacies_registry_menu,table-grid|DOCUMENTS
pharmacies_registry_menu,table-grid|FARM_MEMBERS
pharmacies_registry_menu,table-grid|FEES
pharmacies_registry_menu,table-grid|PRESCRIPTION_MEDICINE
pharmacies_registry_menu,table-grid|VMP_DISTRIBUTION
pharmacies_registry_menu,table-grid|VMP_I_SHIPMENT
pharmacies_registry_menu,table-grid|VMP_SHIPMENT
pharmacies_registry_menu,warehouse-holding-prints|
pharmacies_registry_menu_t,single-form-item-custom|OFFICIAL_CONTROL_CHART
pharmacies_registry_menu_t,single-form-item-custom|PHARM_SELL_VMP
pre-authorization_menu,application-attachments|
pre-authorization_menu,application-pre-auth-prints|
pre-authorization_menu,application-summary|APPLICATION
pre-authorization_menu,single-form-item-custom-save|VMP_AUTH_APPLICATION
pre-authorization_menu,single-form-item-custom|CONTROL_CHART
pre-authorization_menu,single-form-item-custom|VMP
pre-authorization_menu,single-form-item-custom|VMP_PREIMPORT_APPLICATION
product_export_app_menu,application-summary|APPLICATION
product_export_app_menu,form-form-item-fr-ui|SVAROG_FORM
product_export_app_menu,single-form-item-custom-save|FOOD_PRODUCT_EXPORT_APP
safe-production-prints,prints-item|
safe_production_menu,application-attachments|
safe_production_menu,application-summary|APPLICATION
safe_production_menu,safe_production_prints|
safe_production_menu,single-form-item-custom|PRIMARY_PROD_CONTROL
safe_production_menu,single-form-item-custom|SAVE_PRIMARY_PRODUCTION
vet-holding-prints,prints-item|
vet_inspection_prints,prints-item|
vet_inspection_reg_menu,inspection-attachments|
vet_inspection_reg_menu,inspection-summary|INSPECTION
vet_inspection_reg_menu,single-form-item-custom|ANNOUNCE
vet_inspection_reg_menu,single-form-item-custom|AUDIT_FINDINGS_TABLE
vet_inspection_reg_menu,table-grid|NONCONFORMITY_PLAN
vet_inspection_reg_menu,vet_inspection_prints|
vet_registry_menu,farm-attachments|
vet_registry_menu,farm-summary|HOLDING
vet_registry_menu,single-form-item-custom|AUDIT_FINDINGS_TABLE
vet_registry_menu,single-form-item-custom|OFFICIAL_CONTROL_CHART
vet_registry_menu,single-form-item-custom|VET_CONTROL_CHART_RECORD
vet_registry_menu,single-form-item-custom|VET_CONTROL_CHART_USAGE
vet_registry_menu,table-custom-person|PERSON
vet_registry_menu,table-form-holding|HOLDING
vet_registry_menu,table-grid-pers|BANKACC
vet_registry_menu,table-grid|ADDRESS
vet_registry_menu,table-grid|APPLICATION
vet_registry_menu,table-grid|DOCUMENTS
vet_registry_menu,table-grid|FARM_MEMBERS
vet_registry_menu,table-grid|FEES
vet_registry_menu,table-grid|NONCONFORMITY_PLAN
vet_registry_menu,table-grid|PRESCRIPTION_VET
vet_registry_menu,vet-holding-prints|
vmp-registry-menu,single-form-item-custom|VMP_GENERIC
vmp-registry-menu,table-form-holding|VMP
vmp-registry-menu,table-grid-file|VMP_DOCUMENT
vmp-registry-menu,vmp-summary|VMP
vmp-registry-menu,vmp_prints|
vmp-registry-search-menu,search-menu-type|VMP
vmp-registry-search-menu,search-menu-type|VMP_GENERIC
vmp_prints,prints-item|
warehouse-holding-prints,prints-item|
warehouse_registry_menu,farm-attachments|
warehouse_registry_menu,farm-summary|HOLDING
warehouse_registry_menu,single-form-item-custom|BUILD_FAC_STORAGE
warehouse_registry_menu,single-form-item-custom|EMERG_RETURN_PRODUCT
warehouse_registry_menu,single-form-item-custom|OFFICIAL_CONTROL_CHART
warehouse_registry_menu,single-form-item-custom|PROCED_PERS_QUALITY_REC
warehouse_registry_menu,table-custom-person|PERSON
warehouse_registry_menu,table-form-holding|HOLDING
warehouse_registry_menu,table-grid-pers|BANKACC
warehouse_registry_menu,table-grid|ADDRESS
warehouse_registry_menu,table-grid|APPLICATION
warehouse_registry_menu,table-grid|DOCUMENTS
warehouse_registry_menu,table-grid|FARM_MEMBERS
warehouse_registry_menu,table-grid|FEES
warehouse_registry_menu,table-grid|PRESCRIPTION_MEDICINE
warehouse_registry_menu,table-grid|VMP_DISTRIBUTION
warehouse_registry_menu,table-grid|VMP_I_SHIPMENT
warehouse_registry_menu,table-grid|VMP_LIST
warehouse_registry_menu,table-grid|VMP_SHIPMENT
warehouse_registry_menu,warehouse-holding-prints|
warehouse_registry_menu_t,single-form-item-custom|BUILD_FAC_STORAGE
warehouse_registry_menu_t,single-form-item-custom|EMERG_RETURN_PRODUCT
warehouse_registry_menu_t,single-form-item-custom|OFFICIAL_CONTROL_CHART
warehouse_registry_menu_t,single-form-item-custom|PROCED_PERS_QUALITY_REC
warehouse_registry_menu_t,table-grid|VMP_LIST
